test_row_index,intervention,baseline_probability,new_probability,probability_reduction
710,contract_to_two_year,0.8926406926406926,0.3163035687258875,0.5763371239148051
1090,contract_to_two_year,0.9476408760969613,0.5502004923584094,0.39744038373855195
1109,contract_to_two_year,0.8956709956709957,0.4847900009190331,0.4108809947519626
1221,contract_to_two_year,0.9003330003330005,0.5675453279903512,0.3327876723426493
1259,contract_to_two_year,0.8769544181308887,0.4363846028577461,0.4405698152731426
