top_k_percent,k_customers,tp,fp,fn,tn,precision_at_k,recall_at_k,total_cost,total_benefit,net_utility
0.5,704,326,378,48,657,0.4630681818181818,0.8716577540106952,704.0,1630.0,926.0
0.4,564,296,268,78,767,0.524822695035461,0.7914438502673797,564.0,1480.0,916.0
0.3,423,247,176,127,859,0.5839243498817966,0.660427807486631,423.0,1235.0,812.0
0.25,352,221,131,153,904,0.6278409090909091,0.5909090909090909,352.0,1105.0,753.0
0.2,282,192,90,182,945,0.6808510638297872,0.5133689839572193,282.0,960.0,678.0
0.15,211,148,63,226,972,0.7014218009478673,0.39572192513368987,211.0,740.0,529.0
0.1,141,106,35,268,1000,0.75177304964539,0.28342245989304815,141.0,530.0,389.0
0.05,70,59,11,315,1024,0.8428571428571429,0.15775401069518716,70.0,295.0,225.0
