{
  "lr_results": {
    "Accuracy": 0.7452093683463449,
    "Precision": 0.512998266897747,
    "Recall": 0.7914438502673797,
    "F1": 0.6225026288117771,
    "ROC_AUC": 0.8462838099666744,
    "PR_AUC": 0.6626587514843023
  },
  "rf_results": {
    "Accuracy": 0.7735982966643009,
    "Precision": 0.569620253164557,
    "Recall": 0.6016042780748663,
    "F1": 0.5851755526657998,
    "ROC_AUC": 0.8361802164871218,
    "PR_AUC": 0.6420309983322982
  },
  "xgb_results": {
    "Accuracy": 0.7565649396735273,
    "Precision": 0.5280289330922242,
    "Recall": 0.7807486631016043,
    "F1": 0.6299892125134844,
    "ROC_AUC": 0.8411674287633367,
    "PR_AUC": 0.6544970409905992
  },
  "lgb_results": {
    "Accuracy": 0.7636621717530163,
    "Precision": 0.5407554671968191,
    "Recall": 0.7272727272727273,
    "F1": 0.6202964652223489,
    "ROC_AUC": 0.8344106021855382,
    "PR_AUC": 0.6338018986180481
  },
  "cat_results": {
    "Accuracy": 0.7608232789212207,
    "Precision": 0.5336976320582878,
    "Recall": 0.7834224598930482,
    "F1": 0.6348862405200434,
    "ROC_AUC": 0.8455230049859206,
    "PR_AUC": 0.6623789975423678
  },
  "tabnet_results": {
    "Accuracy": 0.7317246273953159,
    "Precision": 0.4967213114754098,
    "Recall": 0.8101604278074866,
    "F1": 0.6158536585365854,
    "ROC_AUC": 0.8358495440336873,
    "PR_AUC": 0.6504498290433198
  },
  "ft_results": {
    "Accuracy": 0.7814052519517388,
    "Precision": 0.7578125,
    "Recall": 0.25935828877005346,
    "F1": 0.38645418326693226,
    "ROC_AUC": 0.8468960706812368,
    "PR_AUC": 0.6617292021552234
  },
  "stack_results": {
    "Accuracy": 0.7572746628814763,
    "Precision": 0.5288808664259927,
    "Recall": 0.7834224598930482,
    "F1": 0.6314655172413793,
    "ROC_AUC": 0.8462915601023019,
    "PR_AUC": 0.6618826243908349
  },
  "stack_cal_results": {
    "Accuracy": 0.8076650106458482,
    "Precision": 0.6745762711864407,
    "Recall": 0.5320855614973262,
    "F1": 0.5949177877428998,
    "ROC_AUC": 0.8457813428401663,
    "PR_AUC": 0.6567940410598431,
    "Brier": 0.13475403394153096
  },
  "final_threshold_results": {
    "Threshold": 0.23,
    "Accuracy": 0.7437899219304471,
    "Precision": 0.5106382978723404,
    "Recall": 0.8342245989304813,
    "F1": 0.6335025380710659,
    "ROC_AUC": 0.8457813428401663,
    "PR_AUC": 0.6567940410598431,
    "Brier": 0.13475403394153096
  }
}